Stay Calm,427836709,https://shop.qoin.world/listing/stay-calm/,"72 Kowinka Street, White Rock QLD, Australia",info@staycalm.net.au
Webarena,438313578,https://shop.qoin.world/listing/webarena/,"45 Ventnor Avenue, West Perth WA, Australia",trevor@webarena.com.au
Dify Social,1300 36 7624,https://shop.qoin.world/listing/dify-social/,"90 Maribyrnong Street, Footscray VIC, Australia",marketer@difysocial.com.au
Toowoomba Diamonds,412987414,https://shop.qoin.world/listing/toowoomba-diamonds/,"130 Campbell St, Toowoomba City QLD 4350, Australia",bruce.squelch@live.com
Blue Sky Media,08 9387 1677,https://shop.qoin.world/listing/blue-sky-media/,"36 Grantham Street, Wembley WA, Australia",mark@blueskymedia.net.au
Content Creative Agency,02 9008 1313,https://shop.qoin.world/listing/content-creative-agency/,"Berowra NSW, Australia",enquiry@contentcreative.agency
Benjamin Townsend Photography,02 9008 1388,https://shop.qoin.world/listing/benjamin-townsend-photography/,"Berowra NSW, Australia",info@btphotography.com.au
Parer & Co Design,07 5474 5678,https://shop.qoin.world/listing/parer-co-design-2/,"3/3 Commerce Court, Noosaville QLD, Australia",sean@parerco.com.au
Pool Pro Redlynch,07 4039 4709,https://shop.qoin.world/listing/pool-pro-redlynch/,"Shop 10, 2-4 Redlynch Intake Road, Redlynch QLD, Australia",sales@poolproredlynch.com.au
SMS Solutions Australia,1800 823 859,https://shop.qoin.world/listing/sms-solutions-australia/,"6/25 Claremont Street, South Yarra VIC, Australia",admin@smssa.com.au
eTaxAustralia.net.au,419583386,https://shop.qoin.world/listing/etaxaustralia-net-au/,"58 Moorabool Street, Geelong VIC, Australia",pmobile6@gmail.com
Jim's Bookkeeping Tropics,61434660607,https://shop.qoin.world/listing/jims-bookkeeping-tropics-2/,"9 Wiskar Close, Bentley Park QLD, Australia",anna@jimsbookkeeping.com.au
Evanco Mechanical,08 97911864,https://shop.qoin.world/listing/evanco-mechanical/,"65 Strickland St, East Bunbury WA, Australia",evancomechanical@bigpond.com
Equinox Restaurant & Bar,897524641,https://shop.qoin.world/listing/equinox-restaurant-bar/,"1 Foreshore Parade, Busselton WA, Australia",enquiries@theequinox.com.au
Watts Clever (Australia),03 97813529,https://shop.qoin.world/listing/watts-clever-australia/,"10/424-426 Nepean Hwy, Frankston VIC 3199, Australia",admin@wattsclever.com.au
Westcoast Landscape & Design,408568373,https://shop.qoin.world/listing/westcoast-landscape-design/,"1 Galbraith Loop, Falcon WA 6210, Australia",peter@westcoastlandscaping.com.au
Go Systems,1300786746,https://shop.qoin.world/listing/go-systems-com-au/,"335 Mona Vale Road, Terrey Hills NSW, Australia",sales@gosystems.com.au
Captivate Connect,61893687511,https://shop.qoin.world/listing/captivate-connect-2/,"13 Kitchener Ave, Burswood WA, Australia",mark.horwood@captivateconnect.com
Website Creations,18008841518,https://shop.qoin.world/listing/website-creations/,"Perth WA, Australia",info@websitecreations.net.au
Accounting To You,0407 569 736,https://shop.qoin.world/listing/accounting-to-you/,"10/756 Burwood Highway, Ferntree Gully VIC, Australia",info@accountingtoyou.com.au
Prinz of Vienna,93303321,https://shop.qoin.world/listing/prinz-of-vienna/,"Unit 4, 2 Pitt Way, Booragoon WA 6154, Australia",admin@prinzofvienna.com.au
Westam Rugs Pty Ltd,418504965,https://shop.qoin.world/listing/westam-rugs-pty-ltd/,"28 Pitt Avenue, Trevallyn TAS, Australia",enquiries@westamrugs.com.au
BUSHMAN PIES,6140351198,https://shop.qoin.world/listing/bushman-pies/,"187 Scott Street, Bungalow QLD, Australia",bushmanpiescairns@westnet.com.au
Erwin Bogner’s Flooring,478086043,https://shop.qoin.world/listing/erwin-bogners-flooring/,"48 Windsor Place, Deception Bay QLD, Australia",erwin.b01@gmail.com
Room With Roses,07 3229 7050,https://shop.qoin.world/listing/room-with-roses/,"Gallery Level Brisbane Arcade, 117 Adelaide St, Brisbane QLD 4000, Australia",info@roomwithroses.com.au
Sports Karate Australia,412061407,https://shop.qoin.world/listing/sport-karate-karate-australia-pty-ltd/,"29 Fox Street, Wynnum Queensland 4178, Australia",roggeveen1@bigpond.com
NFL Electrical,0417 040 291,https://shop.qoin.world/listing/nfl-electrical/,"7 Perle Place, Currimundi QLD, Australia",tracey.whiteford1@bigpond.com
Brightlights Solutions Aust. P/L,0412 225 336,https://shop.qoin.world/listing/brightlights-solutions-aust-p-l/,"66-74 The Appian Way, Mount Vernon NSW, Australia",admin@brightlights.com.au
EZICLAD Solutions,0405 761 250,https://shop.qoin.world/listing/ezi-clad-solutions/,"1/24 Darlot Rd, Landsdale WA 6065, Australia",joe@eziclad.com.au
Avanti Bookkeeping Solutions,402882533,https://shop.qoin.world/listing/avanti-bookkeeping-solutions/,"47 Brittany Drive, Oxenford QLD 4210, Australia",nicole@avantibookkeeping.com.au
International Centre for Excellence,0417 969273,https://shop.qoin.world/listing/international-centre-for-excellence/,"36 Beverley Terrace, South Guildford WA, Australia",victoriacarlton@iinet.net.au
A Special Occasion Rolls Royce Hire,0497 131311,https://shop.qoin.world/listing/a-special-occasion-rolls-royce-hire/,"50 Mitton Avenue, Henley Beach SA, Australia",aspecialoccasion@bigpond.com
Purify Air - Air Con Cleaning,0429 979779,https://shop.qoin.world/listing/purify-air-air-con-cleaning/,"Springwood Road, Springwood QLD, Australia",greg@purifyair.com.au
Mindful Tutoring WA,0416 631965,https://shop.qoin.world/listing/mindful-tutoring-wa-2/,"6A Dorchester Rd, Forrestfield WA, Australia",mindfultutoringwa@outlook.com
Star Dynamic Property Investments,0413 874 858,https://shop.qoin.world/listing/star-dynamic-property-investments/,"65 Scarborough Drive, Patterson Lakes VIC, Australia",ask@stardynamic.com.au
Forkwest,08 97254970,https://shop.qoin.world/listing/forkwest/,"68 McCombe Road, Davenport WA, Australia",sales@forkwest.com.au
Design the Rest of Your Life Coaching Pty Limited,0407 805849,https://shop.qoin.world/listing/design-the-rest-of-your-life-coaching-pty-limited/,"63 Bellevue Street, Cammeray NSW, Australia",info@designtherestofyourlifecoaching.com
Butler Finance,0404 494999,https://shop.qoin.world/listing/butler-finance/,"26 Springvale Avenue, Frenchs Forest NSW 2086, Australia",stuart@butlerfinance.com.au
Nadia Martin Massage Therapies,0403 927 586,https://shop.qoin.world/listing/nadia-martin-massage-therapies/,"72 Bridge St, Boyanup WA 6237, Australia",n.h.martin58@gmail.com
Blooming Marvellous,0435 716732,https://shop.qoin.world/listing/blooming-marvellous/,"Hawthorn VIC, Australia",enquiries@bloomingmarvellous.com.au
"Captains Retreat B&B, Apartments & Cottages",03 9397 0352,https://shop.qoin.world/listing/captains-retreat-bb-apartments-cottages/,"2 Ferguson St, Williamstown VIC 3016, Australia",admin@captainsretreat.com.au
Terrace Deli on Little Collins,03 96425888,https://shop.qoin.world/listing/terrace-deli-on-little-collins/,"459 Little Collins St, Melbourne VIC 3000, Australia",info@terracedeli.com.au
The Pet Door Company,07 56085047,https://shop.qoin.world/listing/the-pet-door-company-pty-ltd/,"13 Oyster Cove Promenade, Helensvale QLD, Australia",sales@petdoorcompany.com.au
Purrcat Automotive,0415 229115,https://shop.qoin.world/listing/purrcat-automotive/,"39 Best Road, Seven Hills NSW, Australia",purrcat.automotive@yahoo.com.au
Keypark,0419 908905,https://shop.qoin.world/listing/keypark-pty-ltd/,"1072d Beaufort St, Bedford WA 6052, Australia",kosta@arach.net.au
La La Land,0403 524627,https://shop.qoin.world/listing/la-la-land/,"68 Bondi Rd, Bondi Junction NSW, Australia",accounts@lalalandshop.com.au
Quattro Coffee Roasters,02 8919 2125,https://shop.qoin.world/listing/quattro-coffee-roasters/,"2/3 Apollo St, Warriewood NSW 2102, Australia",garethp@apollo71.com
JB Removals,1300 561 355,https://shop.qoin.world/listing/jb-removals/,"Unit 2 93/99 S Creek Rd, Dee Why NSW 2099, Australia",contact@jbremovals.com
Levista Homes - DR,08 92093636,https://shop.qoin.world/listing/levista-homes-dr/,"8/278 Camboon Rd, Malaga WA, Australia",dorisr@levistahomes.com.au
B & B Lighting,0458 007253,https://shop.qoin.world/listing/b-b-lighting/,"90 Victoria Street, Dubbo NSW, Australia",mark@bblights.com.au
Serenity Massage Therapy & Reflexology Clinic,0437 339848,https://shop.qoin.world/listing/serenity-massage-therapy-reflexology-clinic/,"15 Pimelia Road, Glen Iris WA, Australia",serenity@westnet.com.au
Fish Media,0414 563552,https://shop.qoin.world/listing/fish-media/,"Sydney NSW, Australia",chris@fishmedia.com.au
Beachwheels,02 99051727,https://shop.qoin.world/listing/beachwheels/,"16 Waine St, Freshwater NSW 2096, Australia",gavin@beachwheels.com.au
Katja de Carvalho,0410 911477,https://shop.qoin.world/listing/katja-de-carvalho/,"4 Valley Road, Padstow Heights NSW, Australia",ccasa77@outlook.com
GoodNews Cooking Solutions,+61 401 158088,https://shop.qoin.world/listing/goodnews-cooking-solutions/,"3/27 Mars Rd, Lane Cove West NSW, Australia",rebuitizon@gmail.com
David Mackay Harrison,0412 664284,https://shop.qoin.world/listing/david-mackay-harrison/,"72 Bayview Drive, East Ballina NSW, Australia",office@dmhart.com.au
Haven Medi Spa,08 95861977,https://shop.qoin.world/listing/haven-medi-spa/,"Shop 32, 14 Guava Way, Halls Head WA 6210, Australia",enquiries@thehavenspa.com.au
Levista Homes - GR,08 92093636,https://shop.qoin.world/listing/levista-homes-gr/,"8/278 Camboon Rd, Malaga WA 6090, Australia",johnr@levistahomes.com.au
Tranquil Trees Indoor Garden Design,0407 034441,https://shop.qoin.world/listing/tranquil-trees-indoor-garden-design/,"Toowoomba QLD, Australia",toni@tranquiltrees.com.au
Ganache Patisserie,02 9967 2882,https://shop.qoin.world/listing/ganache-patisserie/,"85 Edinburgh Road, Castlecrag NSW, Australia",didier@ganachepatisserie.com.au
Noosa Holiday Accommodation,1800 678 213,https://shop.qoin.world/listing/michael-lewis-associates/,"1 Hilton Terrace, Noosaville QLD, Australia",info@noosaholidayaccom.com.au
Kingsway Computer Consultants,07 54837393,https://shop.qoin.world/listing/kingsway-computer-consultants/,"1a/52 Duke Street, Gympie QLD, Australia",eric@kingswaycomputers.com
Econo Lodge Park Lane,07 41512341,https://shop.qoin.world/listing/econo-lodge-park-lane/,"Econo Lodge Park Lane Motel, 247 Bourbong Street, Bundaberg West QLD 4670, Australia",info@parklanemotel.com.au
Amazing Skylights Southwest,0407 771615,https://shop.qoin.world/listing/amazing-skylights-southwest/,"PO Box 29, Gelorup WA 6230, Australia",dirk@betterhomewa.com.au
WebPlanners,0433 890046,https://shop.qoin.world/listing/webplanners/,"604/566 St. Kilda Road, Melbourne VIC, Australia",dipak@webplanners.com.au
Crowne Executive Chauffeurs,0438 490048,https://shop.qoin.world/listing/crowne-executive-chauffeurs/,"50 Elizabeth Street, Floraville NSW 2280, Australia",kenwellham2@gmail.com
Career Development and Management Guru,61 7 55734215,https://shop.qoin.world/listing/career-development-and-management-guru-pty-ltd/,"State Route 2, Helensvale QLD 4212, Australia",annette@cdmguru.com
GS Majoris,0431 943118,https://shop.qoin.world/listing/gs-majoris-pty-ltd/,"Forest Lake QLD, Australia",kmfmanagement@gmail.com
Lifetime Dynamic,61 0414 756593,https://shop.qoin.world/listing/lifetime-dynamic/,"Broadway NSW, Australia",robert@lifetimedynamics.com
The Vision School,61 407 530120,https://shop.qoin.world/listing/the-vision-school/,"Enoggera QLD, Australia",bauchettl@gmail.com
Getem Signs and Marketing,0424 505990,https://shop.qoin.world/listing/get-em-signs-and-marketing-2/,"193-203 S Pine Rd, Brendale QLD 4500, Australia",getemsignsandmarketing@gmail.com
Travel manager,0417 242022,https://shop.qoin.world/listing/travel-manager/,"U6/12 Loftus Street, Narrabeen NSW 2101, Australia",joy.kinsey@travelmanagers.com.au
Noosa Getaway,0418 947750,https://shop.qoin.world/listing/kaleb-lewis/,"1 Hilton Terrace, Noosaville QLD, Australia",info@noosaholidayaccom.com.au
Environmental Biotech of South Brisbane and the Gold Coast,0412 310271,https://shop.qoin.world/listing/environmental-biotech-of-south-brisbane-and-the-gold-coast/,"23 Elanora Way, Karalee QLD 4306, Australia",eb.bris@bigpond.com
Emerald Planet,02 94666000,https://shop.qoin.world/listing/emerald-planet/,"2/29 Mitchell Rd, Brookvale NSW 2100, Australia",stuart@emeraldplanet.com.au
Melbourne Float House,03 9761 7037,https://shop.qoin.world/listing/melbourne-float-house/,"7 Trade Way, Kilsyth South VIC 3137, Australia",scott@melbournefloathouse.com.au
Noosa Business Stays,0418 947750,https://shop.qoin.world/listing/michelle-quartermaine/,"1 Hilton Terrace, Noosaville QLD, Australia",info@noosaholidayaccom.com.au
Notorious Signs & Shirts,0418 889593,https://shop.qoin.world/listing/notorious-signs-shirts/,"1/27 Bailey Crescent, Southport QLD, Australia",bradm@notorious.net.au
Warburton Trail Retreat,419382052,https://shop.qoin.world/listing/warburton-trail-retreat/,"12a Wedderburn Cres, Mount Evelyn VIC, Australia",darren.sch1@gmail.com
Austalk Promotions,0408 811567,https://shop.qoin.world/listing/austalk-promotions/,"22 O'Neil Street, Panorama SA 5041, Australia",petersalerno.austalk@gmail.com
Abbotts Industrial Cooling,08 94587522,https://shop.qoin.world/listing/abbotts-industrial-cooling-2/,"19 Kewdale Road, Welshpool WA, Australia",workshop@abbottsindustrial.com.au
New Fortune Group,447866666,https://shop.qoin.world/listing/new-fortune-group/,"35 Merivale Street, South Brisbane QLD, Australia",angus.gao@live.com
Cairns Direct Signs,408774222,https://shop.qoin.world/listing/cairns-direct-signs-2/,"Mooroobool QLD, Australia",nigel@cairnsdirectsigns.com
NJP Electrical Services,61894171010,https://shop.qoin.world/listing/njp-electrical-services-2/,"4/29 Biscayne Way, Jandakot WA 6164, Australia",info@njp.net.au
Diacore,299058188,https://shop.qoin.world/listing/diacore-pty-ltd/,"Headland Road, North Curl Curl NSW, Australia",sales@diacore.com.au
Milestone Life Coaching and Consultancy,413577524,https://shop.qoin.world/listing/milestone-life-coaching-and-consultancy/,"Bundey Street, Higgins ACT, Australia",milestone@grapevine.com.au
Misty Mountain Health Retreat,+61 2 6567 2221,https://shop.qoin.world/listing/misty-mountain-health-retreat/,"1800 Nulla Nulla Creek Road, Bellbrook NSW, Australia",relax@mmh.com.au
Mediaglue,1300 884 757,https://shop.qoin.world/listing/mediaglue-pty-ltd/,"Nerang Street, Southport QLD, Australia",media@mediaglue.com.au
Sydney Eleanor Hire,410167100,https://shop.qoin.world/listing/sydney-eleanor-hire/,"43 Blaxland Road, Ryde NSW, Australia",julian@sydneyeleanorhire.net.au
CK Tax and Audit,390058307,https://shop.qoin.world/listing/ck-tax-and-audit/,"Marine Parade, San Remo VIC, Australia",kerryn@cktaxandaudit.com
Harvey Courier & Transport,897292088,https://shop.qoin.world/listing/harvey-courier-transport-3/,"24 Abberton Way, Harvey WA 6220, Australia",harveycourier@bigpond.com
Metrowest IT,894094000,https://shop.qoin.world/listing/metrowest-it/,"51 Lancaster Rd, Wangara WA 6065, Australia",sales@metrowestit.com.au
RVC Accounting,429824324,https://shop.qoin.world/listing/rvc-accounting/,"Ocean Grove VIC 3226, Australia",rlandale@bigpond.net.au
Bunbury Tenpin Bowl,97912233,https://shop.qoin.world/listing/bunbury-tenpin-bowl/,"136 Strickland Street, East Bunbury WA, Australia",bunburytenpinbowl@bigpond.com
Guardian Safety Pendants,863369448,https://shop.qoin.world/listing/guardian-safety-pendants/,"3A Devon Court, Warwick WA, Australia",info@guardiansp.com.au
WGC Enterprise,431548888,https://shop.qoin.world/listing/wgc-enterprise/,"24 Burwood Rd, Burwood NSW, Australia",j.tripodi@gooesoft.com
Euphoria espresso,755625388,https://shop.qoin.world/listing/euphoria-espresso/,"137 Laver Drive, Robina QLD, Australia",euphoriaespresso@hotmail.com
Meredith's Mini Salon,0417 553 315,https://shop.qoin.world/listing/merediths-mini-salon/,"Carramar WA 6031, Australia",mer7777@msn.com
Battery All Types,897917520,https://shop.qoin.world/listing/battery-all-types/,"46 Strickland Street, Bunbury WA, Australia",allbats@bigpond.net.au
Solid Shotcrete Solutions,406192183,https://shop.qoin.world/listing/solid-shotcrete-solutions/,"7 Longstaff Ave, Alkimos WA, Australia",jasontarawa@gmail.com
JJ (QLD),410147036,https://shop.qoin.world/listing/jj-qld-pty-ltd/,"3 Fitzwilliam St, Carrara QLD, Australia",johnhwoods@yahoo.com.au
Sunshine Coast Washers & Fridges,07 5478 0700,https://shop.qoin.world/listing/sunshine-coast-washers-fridges-2/,"70-98 Dalton Drive, Maroochydore QLD, Australia",admin@scwf.shop
North Bound CrossFit,451659959,https://shop.qoin.world/listing/north-bound-crossfit/,"1/6 Stevenage Street, Yanchep WA, Australia",info@northboundcrossfit.com
Boss Gardening Services,0411 476 478,https://shop.qoin.world/listing/boss-gardening-services/,"83 Kalinda Road, Ringwood VIC, Australia",bossgardeningservices@gmail.com
Dalozzo Art,07 55779902,https://shop.qoin.world/listing/dalozzo-art/,"Marina Mirage, 74 Seaworld Drive, Main Beach QLD, Australia",judith@dalozzoart.com
Look Tapware,411507990,https://shop.qoin.world/listing/look-tapware/,"28 Biloela Street, Villawood NSW, Australia",charliezhang@imaxia.com.au
Travel Companions,418541014,https://shop.qoin.world/listing/travel-companions/,"Portarlington VIC, Australia",cmborgelt@hotmail.com
Port Mandurah Removals,(08) 95820690,https://shop.qoin.world/listing/port-mandurah-removals/,"1 Delmont Place, Greenfields WA, Australia",portmandurahremovals@gmail.com
Funkee Monkee Eatery and Bar,897211555,https://shop.qoin.world/listing/funkee-monkee-eatery-and-bar/,"27 Victoria St, Bunbury WA, Australia",eat@funkeemonkee.net.au
Ross Winter,409577337,https://shop.qoin.world/listing/ross-winter-2/,"Toowoomba QLD, Australia",rosswinter2014@gmail.com
Complete Wardrobe Supplies,08 9456 2877,https://shop.qoin.world/listing/complete-wardrobe-supplies/,"Unit 1/12 Panama St, Canning Vale WA 6155, Australia",cws@iinet.net.au
Focus Eyecare Studio,732169188,https://shop.qoin.world/listing/focus-eyecare-studio/,"Sunnybank QLD, Australia",focuseyecarestudio32@gmail.com
euroflex,08 93022526,https://shop.qoin.world/listing/euroflex-2/,"79 Furniss Road, Darch WA, Australia",graham@euroflex.com.au
Beaux investment group,BRIDGETTE LEE,https://shop.qoin.world/listing/beaux-investment-group/,"10 Citrine St, Camp Hill QLD, Australia",bridgette@beauxinvestment.com.au
The Limousine Line,+61 411211400,https://shop.qoin.world/listing/the-limousine-line/,"Sydney NSW, Australia",bookings@limousineline.com.au
Sandy Bay Holiday Park,08 97522003,https://shop.qoin.world/listing/sandy-bay-holiday-park/,"2 Norman Road, Broadwater WA, Australia",stay@sandybayholidaypark.com.au
Wild Women World Wide,422084533,https://shop.qoin.world/listing/wild-women-world-wide/,"Burleigh Heads QLD, Australia",denisemayww@gmail.com
RAW FM Network,02 9420 4900 or 0416 200201,https://shop.qoin.world/listing/raw-fm-network/,"PO Box 259, Lane Cove NSW 1595 Australia",ange@rawfm.com.au
Roo Roofing,430803305,https://shop.qoin.world/listing/roo-roofing-2/,"79 Cambridge Street, Coorparoo QLD, Australia",matthewh@rooroofing.com.au
DentaGlow Dentist - Taigum,07 3865 7072,https://shop.qoin.world/listing/dentaglow-dentist-taigum/,"Taigum Square Shopping Centre, Shop No 50, 215 Church Road, Taigum QLD 4018, Australia",appointment@dentaglow.com
Frontline Fleet Rental,1300 857 130,https://shop.qoin.world/listing/frontline-fleet-rental/,"1/334 Wanneroo Road, Nollamara WA, Australia",fleet@frontlinefinancial.com.au
Khool Hair and Beauty Park Ridge,07 32971953 0422 077084,https://shop.qoin.world/listing/khool-hair-and-beauty-park-ridge/,"3732-3744 Mount Lindesay Highway, Park Ridge QLD, Australia",khoolhairbeauty3@gmail.com
Good As New Golf Balls,417079740,https://shop.qoin.world/listing/good-as-new-golf-balls-2/,"21 Kylie Avenue, Ferny Hills QLD 4055, Australia",don@goodasnewgolfballs.com.au
Jim's Mobile Electrical,419824500,https://shop.qoin.world/listing/jims-mobile-electrical/,"Athelstone SA, Australia",jarbouhelec@hotmail.com
GB & S Andersons Plaster,0418 503770,https://shop.qoin.world/listing/gb-s-andersons-plaster/,"Canadian VIC, Australia",info@andersonsplaster.com.au
Cabochon Harmony,0417 357611,https://shop.qoin.world/listing/cabochon-harmony-2/,"Monbulk VIC, Australia",cabochonharmony@gmail.com
Floramax,03 97379500,https://shop.qoin.world/listing/floramax/,"203/207 Monbulk-Seville Road, Silvan VIC, Australia",floramaxsales@outlook.com
Outback Batteries PTY LTD,08 89834098,https://shop.qoin.world/listing/outback-batteries-pty-ltd/,"530 Stuart Hwy, Winnellie NT 0820, Australia",james@outbackbatteries.com.au
You Relax Massage (accepting 50% Qoin),0414 344239,https://shop.qoin.world/listing/you-relax-massage-accepting-50-qoin/,"7b Alfred Grove, Oakleigh East VIC 3166, Australia",YouRelax@hotmail.com.au
Australian Culinary Foods Pty Ltd,408441468,https://shop.qoin.world/listing/australian-culinary-foods-pty-ltd/,"Grafton NSW, Australia",herman@culinaryfoods.com
Detailing & Cleaning Services,0410 960 088,https://shop.qoin.world/listing/detailing-cleaning-services/,"8 Foulkes Place, Mandurah WA 6210, Australia",info@detailingandcleaningservices.com.au
Integrity Plus Accounting,02 8385 5677,https://shop.qoin.world/listing/integrity-plus-accounting/,"25 Willoughby Road, Crows Nest NSW, Australia",office@ipaccounting.com.au
Proactive Mindfullness,0401 333 093,https://shop.qoin.world/listing/proactive-mindfullness/,"Rowville VIC, Australia",dyn.edge.marketing@gmail.com
Italian Craft Kitchens,449164764,https://shop.qoin.world/listing/italian-craft-kitchens/,"Unit 2/19 Central Drive, Burleigh Heads QLD, Australia",info@italiancraftkitchens.com.au
All Natural Oils (Natural Pain Relief),403355015,https://shop.qoin.world/listing/all-natural-oils-natural-pain-relief/,"Unit 3/35 Ern Harley Drive, Burleigh Heads QLD, Australia",allnaturaloils@bigpond.com
Big Ben Builders,0419 963 341,https://shop.qoin.world/listing/big-ben-builders/,"1 Ostler Drive, Vasse WA, Australia",ben@bigbenbuilders.com.au
CrossFit Revenant,400072789,https://shop.qoin.world/listing/crossfit-revenant-3/,"6 Garino Rise, Wangara WA 6065, Australia",info@crossfitrevenant.com.au
Strong Property Group,418175110,https://shop.qoin.world/listing/profin-developments/,"3/11 Surfers Avenue, Mermaid Beach QLD 4218, Australia",strongpropertygroup@gmail.com
The Quiet Family Getaway In Bassendean,0418 947 750,https://shop.qoin.world/listing/the-quiet-family-getaway-in-bassendean/,"Northmoor Road, Eden Hill WA, Australia",mikelewis@ozemail.com.au
Daylesford Heart of Yoga,‭0429 955 824‬,https://shop.qoin.world/listing/daylesford-heart-of-yoga/,"Daylesford VIC, Australia",daylesfordheartofyoga@gmail.com
Fotoforce Photography,0417 882 554,https://shop.qoin.world/listing/fotoforce-photography-2/,"Burleigh Heads QLD, Australia",admin@fotoforce.com
Hawk Fabrications,08 6278 3331,https://shop.qoin.world/listing/hawk-fabrications/,"Unit 3, 5 Fonts Place, Embleton WA 6062, Australia",hawkfab@iinet.net.au
Hawk Fabrications,08 6278 3331,https://shop.qoin.world/listing/hawk-fabrications-2/,"Unit 3, 5 Fonts Place, Embleton WA 6062, Australia",hawkfab@iinet.net.au
Lambert Contractors,0414 306 576,https://shop.qoin.world/listing/lambert-contractors-3/,"Mandurah WA, Australia",lambert.contractors@outlook.com.au